No;ID;Y;Z;D;X;G
1;1;5;0;0;0.7228;a
2;2;1;0;0;-1.2125;c
3;3;5;0;0;-0.0258;b
4;4;2;1;1;-1.4782;d
5;5;3;1;1;-0.4453;b
6;6;3;0;0;0.2936;d
7;7;1;0;0;1.1454;d
8;8;3;1;1;-0.3024;c
9;9;1;1;1;-0.8302;b
10;10;2;0;0;-1.5320;b
11;11;4;1;1;-0.4584;d
12;12;1;0;0;-1.0625;d
13;13;1;0;0;0.3446;c
14;14;6;1;1;-0.3779;a
15;15;2;0;0;0.3085;d
16;16;6;0;0;0.4651;b
17;17;3;1;1;0.6651;c
18;18;6;1;1;0.7686;c
19;19;4;0;0;-0.5596;c
20;20;6;0;0;0.1423;b
21;21;9;1;0;0.4457;c
22;22;1;0;0;0.2007;b
23;23;6;1;1;0.9624;b
24;24;1;0;0;-0.1882;b
25;25;2;0;0;-0.4139;d
26;26;5;0;0;0.1948;b
27;27;4;0;0;-1.8536;d
28;28;3;1;1;-1.0707;b
29;29;5;0;0;-0.3646;d
30;30;10;1;1;-0.7121;a
31;31;2;0;0;0.9697;b
32;32;6;0;0;-0.8905;d
33;33;3;0;0;0.8022;c
34;34;4;0;0;-0.9083;b
35;35;3;1;0;-0.1436;d
36;36;3;0;0;-0.2621;d
37;37;3;0;0;-0.0482;a
38;38;3;0;0;1.0053;a
39;39;3;0;0;0.2951;d
40;40;4;0;0;-0.8104;b
